<?xml version="1.0" encoding="UTF-8"?>
<project-private xmlns="http://www.netbeans.org/ns/project-private/1">
    <editor-bookmarks xmlns="http://www.netbeans.org/ns/editor-bookmarks/2" lastBookmarkId="0"/>
    <open-files xmlns="http://www.netbeans.org/ns/projectui-open-files/2">
        <group>
            <file>file:/F:/Proyecto%20Final%20-%20POO/Proyecto/src/Controlador/ControladorPersona.java</file>
            <file>file:/F:/Proyecto%20Final%20-%20POO/Proyecto/src/Proyecto/Main.java</file>
            <file>file:/F:/Proyecto%20Final%20-%20POO/Proyecto/src/Modelo/consultaPersona.java</file>
            <file>file:/F:/Proyecto%20Final%20-%20POO/Proyecto/src/Modelo/Conexion.java</file>
            <file>file:/F:/Proyecto%20Final%20-%20POO/Proyecto/src/Vista/VistaPersona.java</file>
        </group>
    </open-files>
</project-private>
